{"stat.chestOpened":3,"stat.walkOneCm":66538,"stat.useItem.minecraft.torch":17,"stat.useItem.minecraft.painting":3,"stat.useItem.minecraft.chest":2,"stat.pickup.minecraft.stick":20,"stat.useItem.minecraft.stone":351,"stat.pickup.minecraft.wooden_axe":1,"stat.leaveGame":1,"stat.craftItem.minecraft.crafting_table":1,"stat.furnaceInteraction":3,"stat.useItem.minecraft.armor_stand":1,"stat.pickup.minecraft.log":1,"stat.jump":79,"stat.useItem.minecraft.iron_trapdoor":5,"stat.useItem.minecraft.planks":581,"stat.drop.minecraft.stone":1,"stat.pickup.minecraft.furnace":1,"stat.useItem.minecraft.item_frame":5,"stat.drop.minecraft.diamond_sword":1,"stat.crouchOneCm":386,"achievement.mineWood":3,"stat.craftItem.minecraft.chest":1,"stat.sprintOneCm":340,"achievement.exploreAllBiomes":{"value":0,"progress":["Plains"]},"stat.pickup.minecraft.apple":2,"stat.craftingTableInteraction":5,"stat.drop.minecraft.furnace":1,"stat.useItem.minecraft.glass":9,"stat.useItem.minecraft.bed":8,"achievement.openInventory":34,"stat.pickup.minecraft.wooden_pickaxe":1,"stat.useItem.minecraft.vine":41,"stat.pickup.minecraft.bread":2,"stat.useItem.minecraft.furnace":7,"stat.pickup.minecraft.log2":2,"stat.pickup.minecraft.planks":6,"stat.useItem.minecraft.wooden_door":1,"stat.useItem.minecraft.anvil":3,"stat.flyOneCm":24117,"stat.useItem.minecraft.monster_egg":3,"stat.useItem.minecraft.end_portal_frame":1,"stat.drop":3,"stat.playOneMinute":53764,"stat.pickup.minecraft.torch":1,"stat.sneakTime":274,"stat.useItem.minecraft.enchanting_table":1,"stat.useItem.minecraft.wool":1,"stat.sleepInBed":2,"stat.timeSinceDeath":53764,"stat.useItem.minecraft.birch_stairs":1,"stat.useItem.minecraft.crafting_table":4}