{"stat.chestOpened":3,"stat.useItem.minecraft.glass":3,"stat.walkOneCm":76189,"stat.useItem.minecraft.torch":12,"stat.useItem.minecraft.sapling":2,"stat.useItem.minecraft.chest":4,"stat.useItem.minecraft.lever":2,"stat.useItem.minecraft.bed":11,"achievement.openInventory":34,"stat.pickup.minecraft.stick":2,"stat.leaveGame":1,"stat.useItem.minecraft.wheat_seeds":6,"stat.useItem.minecraft.furnace":1,"stat.pickup.minecraft.planks":2,"stat.flyOneCm":11244,"stat.useItem.minecraft.end_portal_frame":1,"stat.jump":76,"stat.swimOneCm":442,"stat.useItem.minecraft.wooden_hoe":6,"stat.playOneMinute":29323,"stat.useItem.minecraft.planks":698,"stat.craftItem.minecraft.wooden_hoe":1,"stat.sneakTime":109,"stat.useItem.minecraft.enchanting_table":8,"stat.crouchOneCm":496,"stat.sleepInBed":2,"stat.timeSinceDeath":29323,"stat.useItem.minecraft.crafting_table":3,"stat.sprintOneCm":110,"achievement.exploreAllBiomes":{"value":0,"progress":["Plains"]},"stat.useItem.minecraft.water_bucket":12,"stat.craftItem.minecraft.stick":16,"stat.useItem.minecraft.iron_door":1,"stat.craftingTableInteraction":4}